{"行程安排1.fire":"scene","jump.js":"javascript","done.js":"javascript","choose.js":"javascript","background music.js":"javascript","hide.js":"javascript","decide.js":"javascript","goto.js":"javascript","行程框.png":"texture","行程安排_执行按钮.png":"texture","清空.png":"texture","取消.png":"texture","选择行程.png":"texture","周计划.png":"texture","行程安排_背景框.png":"texture","主背景.png":"texture","设置按钮.png":"texture","音乐开关_开启.png":"texture","音乐开关_关闭.png":"texture","重新游戏按钮.png":"texture","设置底框.png":"texture","选项框.png":"texture","确定框.png":"texture","舒缓安静暗藏力量的极简背景音乐-通往光的旅程(19 - Jo_爱给网_aigei_com.mp3":"audio-clip"}